BEGIN TRANSACTION;

-- Table language
CREATE TABLE IF NOT EXISTS `language` ( 
    `idLang` INTEGER NOT NULL PRIMARY KEY,
    `abbrev` VARCHAR ( 4 ),
    `libelle` VARCHAR ( 64 )
);
-- Content:
INSERT INTO `language` VALUES (1, "AR", "العربية"), (2, "FR", "Français"), (3, "EN", "English");

-- Table i18n
CREATE TABLE IF NOT EXISTS `i18n` ( 
    `idLibelle` INTEGER NOT NULL PRIMARY KEY AUTOINCREMENT,
    `libelle` VARCHAR ( 64 )
);
-- Content:
INSERT INTO `i18n` VALUES 
    (1, "CHOOSE_DB_TITLE"),
    (2, "CHOOSE_DB_SUBTITLE"),
    (3, "CHOOSE_DB_COM1"),
    (4, "CHOOSE_DB_COM2"),
    (5, "CHOOSE_DB_COM3"),
    (6, "CHOOSE_DB_COM4"),
    (7, "CHOOSE_PREV_DB"),
    (8, "CHOOSE_DB"),
    (9, "APP_TITLE"),
    (10, "LOAD_DB_TITLE"),
    (11, "ACADEMY"),
    (12, "DIECTION"),
    (13, "SCHOOL"),
    (14, "YEAR"),
    (15, "LOAD_PERCENTAGE"),
    (16, "LOAD_DONE"),
    (17, "START"),
    (18, "AVAILABLE_GROUPS"),
    (19, "SELECTED_GROUPS"),
    (20, "GENERAL_OPTIONS"),
    (21, "TWO_SHEETS_PER_GROUP"),
    (22, "ONE_FILE_PER_GROUP"),
    (23, "PDF_EXPORT"),
    (24, "XL_EXPORT"),
    (25, "OUTPUT_DIR"),
    (26, "GENERATE"),
    (27, "SCHOOL_INFOS"),
    (28, "AVAILABLE_TEMPLATES"),
    (29, "FROM"),
    (30, "TO"),
    (31, "TEMPLATE_TITLE"),
    (32, "BOLDERIFY_NAMES"),
    (33, "SAVE"),
    (34, "TEMPLATE_SETTINGS"),
    (35, "TEMPLATE_CUSTOM_STRING"),
    (36, "SCHOOL_INFOS_SEPARATOR"),
    (37, "SCHOOL_INFOS_SEPARATOR_SAMPLE"),
    (38, "FIRST_WEEK_DAY"),
    (39, "WEEK_DAY_0"),
    (40, "WEEK_DAY_1"),
    (41, "WEEK_DAY_2"),
    (42, "WEEK_DAY_3"),
    (43, "WEEK_DAY_4"),
    (44, "WEEK_DAY_5"),
    (45, "WEEK_DAY_6"),
    (46, "SHEET_DATE"),
    (47, "CURRENT_WEEK"),
    (48, "NEXT_WEEK"),
    (49, "OTHER_WEEK"),
    (50, "HEADER"),
    (51, "SHEET_TITLE"),
    (52, "MORNING_PERIOD"),
    (53, "AFTERNOON_PERIOD"),
    (54, "TO_ADMINISTRATION"),
    (55, "MORNING_1"),
    (56, "MORNING_2"),
    (57, "MORNING_3"),
    (58, "MORNING_4"),
    (59, "AFTERNOON_1"),
    (60, "AFTERNOON_2"),
    (61, "AFTERNOON_3"),
    (62, "AFTERNOON_4"),
    (63, "HOLIDAYS_PERIODS"),
    (64, "WEEKS_RANGE_0"),
    (65, "WEEKS_RANGE_1"),
    (66, "WEEKS_RANGE_2"),
    (67, "WEEKS_RANGE_3"),
    (68, "WEEKS_RANGE_4"),
    (69, "WEEKS_RANGE_5"),
    (70, "WEEKS_RANGE_6"),
    (71, "WEEKS_RANGE_7"),
    (72, "WEEKS_RANGE_8"),
    (73, "CUSTOM_MESSAGE"),
    (74, "CHOOSE_FIRST_WEEK_DAY"),
    (75, "SIGNATURE"),
    (76, "NAMES_FORMAT"),
    (77, "ALIGNMENT"),
    (78, "RESTORE"),
    (79, "CATEGORY"),
    (80, "CURRENT_TITLE"),
    (81, "INCLUDED_STUDENTS_INFOS"),
    (82, "CLOSE"),
    (83, "CHOOSE_ANOTHER_DB"),
    (84, "ABOUT"),
    (85, "QUESTION_MARK"),
    (86, "FILE"),
    (87, "TASKS"),
    (88, "LANGUAGE"),
    (89, "ARABIC"),
    (90, "FRENCH"),
    (91, "ENGLISH"),
    (92, "NUMERO"),
    (93, "CODE"),
    (94, "FULL_NAME"),
    (95, "GENDER"),
    (96, "BIRTH_DATE"),
    (97, "BIRTH_PLACE"),
    (98, "FIRST_NAME"),
    (99, "LAST_NAME"),
    (100, "AND"),
    (101, "NONE"),
    (102, "ABSENCE_SHEET"),
    (103, "MARKS_SHEET"),
    (104, "LIST"),
    (105, "LANGUAGE_NOTIFICATION"),
    (106, "DATE"),
    (107, "FORMAT"),
    (108, "COMMA"),
    (109, "LAST_AND"),
    (110, "ADD_TO_LIST"),
    (111, "ADD_ALL_TO_LIST"),
    (112, "MOVE_UP"),
    (113, "MOVE_DOWN"),
    (114, "DELETE"),
    (115, "DELETE_ALL"),
    (116, "CHANGE_PARAMETERS"),
    (117, "PREVIEW_TEMPLATE"),
    (118, "CHOOSE_TEMPLATE"),
    (119, "BROWSE"),
    (120, "LEFT"),
    (121, "RIGHT"),
    (122, "CENTER"),
    (123, "SUCCESS_MESSAGE"),
    (124, "OPEN"),
    (125, "HELP")
;

-- Table translate
CREATE TABLE IF NOT EXISTS `translate` ( 
    `idLibelle` INTEGER,
    `idLang` INTEGER,
    `synonym` TEXT,
    PRIMARY KEY(`idLibelle`,`idLang`),
    FOREIGN KEY(`idLibelle`) REFERENCES `i18n`(`idLibelle`),
    FOREIGN KEY(`idLang`) REFERENCES `language`(`idLang`)
);
-- Content:
INSERT INTO `translate` VALUES 
    (1, 1, "تحديد قاعدة المعطيات"), (1, 2, "Sélection de la base de données"), (1, 3, "Database selection"), 
    (2, 1, "المرجو تحديد قاعدة بيانات المؤسسة التي تحتوي على معلومات التلاميذ موزعين على أقسامهم.. ويمكن تحميل قاعدة البيانات هذه من مسار على النحو التالي:"), (2, 2, "Veuillez sélectionner la base de données de l'établissement qui contient les informations des élèves distribués sur leurs classes.. Il est possible de la télécharger en procédant comme suit:"), (2, 3, "Please select school's database that contains all students and groups informations.. It's possible to download the school's database as follows:"), 
    (3, 1, "1. الدخول المدرسي."), (3, 2, "1. Entrée scolaire."), (3, 3, "1. School entry."), 
    (4, 1, "2. بطاقة التلميذ."), (4, 2, "2. Carte d'éléve."), (4, 3, "2. Student's card."), 
    (5, 1, "3. لائحة تلاميذ المؤسسة."), (5, 2, "3. Liste des éléves de l'établissement."), (5, 3, "3. School's students list."), 
    (6, 1, "4. طباعة لائحة التلاميذ [xls]."), (6, 2, "4. Imprimer la liste d'éléves [xls]."), (6, 3, "4. Print students list [xls]."), 
    (7, 1, "فتح القاعدة السابقة"), (7, 2, "Ouvrir la base précédente"), (7, 3, "Open previous DB"), 
    (8, 1, "تحديد"), (8, 2, "Sélectionner"), (8, 3, "Select"), 
    (9, 1, "لائـــحة 1"), (9, 2, "Laiha 1"), (9, 3, "Laiha 1"), 
    (10, 1, "تحميل قاعدة المعطيات"), (10, 2, "Chargement de la base"), (10, 3, "Database's loading"), 
    (11, 1, "الأكاديمية:"), (11, 2, "Académie:"), (11, 3, "Academy:"), 
    (12, 1, "المديرية:"), (12, 2, "Direction:"), (12, 3, "Province:"), 
    (13, 1, "المؤسسة:"), (13, 2, "Etablissement:"), (13, 3, "School:"), 
    (14, 1, "السنة الدراسية:"), (14, 2, "Année scolaire:"), (14, 3, "Year:"), 
    (15, 1, "نسبة التحميل"), (15, 2, "Chargement.."), (15, 3, "Load.."), 
    (16, 1, "تم التحميل"), (16, 2, "Chargement terminé"), (16, 3, "Done"), 
    (17, 1, "ابــدأ"), (17, 2, "Commencer"), (17, 3, "Start"), 
    (18, 1, "الأقسام المتوفرة:"), (18, 2, "Classes disponibles:"), (18, 3, "Available groups:"), 
    (19, 1, "الأقسام المختارة:"), (19, 2, "Classes sélectionnées:"), (19, 3, "Selected groups:"), 
    (20, 1, "إعدادات عامة:"), (20, 2, "Options générales:"), (20, 3, "General options:"), 
    (21, 1, "تخصيص صفحتين لكل لائحة."), (21, 2, "Mettre chaque classe dans deux pages."), (21, 3, "Create a two pages list for each group."), 
    (22, 1, "تخصيص مستند منفرد لكل لائحة."), (22, 2, "Mettre les classes dans des fichiers séparés."), (22, 3, "Create a separate file for each group."), 
    (23, 1, "إنتــاج لوائح بصيغة PDF."), (23, 2, "Produire des listes sous forme PDF."), (23, 3, "Create PDF lists."), 
    (24, 1, "إنتــاج لوائح بصيغة XLSX."), (24, 2, "Produire des listes sous forme XLSX."), (24, 3, "Create XLSX lists."), 
    (25, 1, "مكان حفظ المخرجات:"), (25, 2, "Dossier de destination:"), (25, 3, "Output directory:"), 
    (26, 1, "إنتاج اللوائح"), (26, 2, "Générer les listes"), (26, 3, "Generate lists"), 
    (27, 1, "معلومات المؤسسة:"), (27, 2, "Informations générales:"), (27, 3, "School informations:"), 
    (28, 1, "القوالب المتوفرة:"), (28, 2, "Templates disponibles:"), (28, 3, "Available templates:"), 
    (29, 1, "مـن"), (29, 2, "du"), (29, 3, "from"), 
    (30, 1, "إلـى"), (30, 2, "au"), (30, 3, "to"), 
    (31, 1, "عنوان القالــب:"), (31, 2, "Titre du template:"), (31, 3, "Template's title:"), 
    (32, 1, "جعل الأسماء سميكة."), (32, 2, "Mettre les noms en gras."), (32, 3, "Make names bolder."), 
    (33, 1, "حفــظ"), (33, 2, "Sauvegarder"), (33, 3, "Save"), 
    (34, 1, "إعدادات القالب"), (34, 2, "Paramètres du template"), (34, 3, "Template's settings"), 
    (35, 1, "التعبير المراد إدراجه:"), (35, 2, "Expression à ajouter:"), (35, 3, "Expression to insert:"), 
    (36, 1, "وسيلة الفصل بين معلومات المؤسسة:"), (36, 2, "Moyen de séparation des informations de l'établissement:"), (36, 3, "School informations separator:"), 
    (37, 1, "مثلا:  | أو ; أو - ..."), (37, 2, "Par exemple: | , ; , - ..."), (37, 3, "For exemple: | , ; , - ..."), 
    (38, 1, "اليوم الأول في الأسبوع:"), (38, 2, "Premier jour de la semaine:"), (38, 3, "First day of week:"), 
    (39, 1, "الأحـــد"), (39, 2, "Dimanche"), (39, 3, "Sunday"), 
    (40, 1, "الإثنـين"), (40, 2, "Lundi"), (40, 3, "Monday"), 
    (41, 1, "الثلاثاء"), (41, 2, "Mardi"), (41, 3, "Tuesday"), 
    (42, 1, "الأربعاء"), (42, 2, "Mercredi"), (42, 3, "Wednesday"), 
    (43, 1, "الخـميس"), (43, 2, "Jeudi"), (43, 3, "Thursday"), 
    (44, 1, "الجـمعة"), (44, 2, "Vendredi"), (44, 3, "Friday"), 
    (45, 1, "الســبت"), (45, 2, "Samedi"), (45, 3, "Saturday"), 
    (46, 1, "تاريخ الورقة:"), (46, 2, "Dates imprimées:"), (46, 3, "Printed Dates:"), 
    (47, 1, "الأسبوع الحالي:"), (47, 2, "Semaine courante:"), (47, 3, "Current week:"), 
    (48, 1, "الأسبوع الموالي:"), (48, 2, "Semaine prochaine:"), (48, 3, "Next week:"), 
    (49, 1, "أسبوع آخر:"), (49, 2, "Autre semaine:"), (49, 3, "Another week:"), 
    (50, 1, "الترويسة"), (50, 2, "Entête"), (50, 3, "Header"), 
    (51, 1, "عنوان الورقة:"), (51, 2, "Titre de la feuille:"), (51, 3, "Sheet's title:"), 
    (52, 1, "الفترة الصباحية:"), (52, 2, "Matin:"), (52, 3, "Morning:"), 
    (53, 1, "فترة بعد الزوال:"), (53, 2, "Après midi:"), (53, 3, "Afternoon:"), 
    (54, 1, "ت. يوجهون للإدارة:"), (54, 2, "Él. renvoyés à l'adm.:"), (54, 3, "Transfered to adm.:"), 
    (55, 1, "ص 1:"), (55, 2, "M1:"), (55, 3, "M1:"), 
    (56, 1, "ص 2:"), (56, 2, "M2:"), (56, 3, "M2:"), 
    (57, 1, "ص 3:"), (57, 2, "M3:"), (57, 3, "M3:"), 
    (58, 1, "ص 4:"), (58, 2, "M4:"), (58, 3, "M4:"), 
    (59, 1, "م 1:"), (59, 2, "S1:"), (59, 3, "A1:"), 
    (60, 1, "م 2:"), (60, 2, "S2:"), (60, 3, "A2:"), 
    (61, 1, "م 3:"), (61, 2, "S3:"), (61, 3, "A3:"), 
    (62, 1, "م 4:"), (62, 2, "S4:"), (62, 3, "A4:"), 
    (63, 1, "فترات توقف الدراسة"), (63, 2, "Périodes de pauses"), (63, 3, "Study breaks"), 
    (64, 1, "قبل 4 أسابيع"), (64, 2, "Avant 4 semaines"), (64, 3, "Before 4 weeks"), 
    (65, 1, "قبل 3 أسابيع"), (65, 2, "Avant 3 semaines"), (65, 3, "Before 3 weeks"), 
    (66, 1, "قبل أسبوعين"), (66, 2, "Avant 2 semaines"), (66, 3, "Before 2 weeks"), 
    (67, 1, "الأسبوع السابق"), (67, 2, "Semaine dernière"), (67, 3, "Previous week"), 
    (68, 1, "الأسبوع الحالي"), (68, 2, "Cette semaine"), (68, 3, "This week"), 
    (69, 1, "الأسبوع المقبل"), (69, 2, "Semaine suivante"), (69, 3, "Coming week"), 
    (70, 1, "بعد أسبوعين"), (70, 2, "Après 2 semaines"), (70, 3, "After 2 weeks"), 
    (71, 1, "بعد 3 أسابيع"), (71, 2, "Après 3 semaines"), (71, 3, "After 3 weeks"), 
    (72, 1, "بعد 4 أسابيع"), (72, 2, "Après 4 semaines"), (72, 3, "After 4 weeks"), 
    (73, 1, "رسالة إضافية:"), (73, 2, "Message supplémentaire:"), (73, 3, "Additional message:"),
    (74, 1, "اختر يوما من اللائحة أمامه:"), (74, 2, "Choisir un jour:"), (74, 3, "Choose a day:"),
    (75, 1, "توقيع الأستاذ:"), (75, 2, "Signature:"), (75, 3, "Signature:"),
    (76, 1, "تنسيق الأسماء:"), (76, 2, "Mise en forme des noms:"), (76, 3, "Names format:"),
    (77, 1, "المحاذاة:"), (77, 2, "Alignement:"), (77, 3, "Alignment:"),
    (78, 1, "استرجاع"), (78, 2, "Restaurer"), (78, 3, "Restore"),
    (79, 1, "نوع اللائحة:"), (79, 2, "Type de liste:"), (79, 3, "Type of list:"),
    (80, 1, "العنوان الحالي:"), (80, 2, "Titre courant:"), (80, 3, "Current title:"),
    (81, 1, "معلومات التلاميذ المدرجة:"), (81, 2, "Informations incluses d'élèves:"), (81, 3, "Included students informations:"),
    (82, 1, "خروج"), (82, 2, "Quitter"), (82, 3, "Exit"),
    (83, 1, "تغيير قاعدة البيانات"), (83, 2, "Changer de base"), (83, 3, "Change database"),
    (84, 1, "عن البرنامج"), (84, 2, "À propos"), (84, 3, "About"),
    (85, 1, "؟"), (85, 2, "?"), (85, 3, "?"),
    (86, 1, "تطبيق"), (86, 2, "Fichier"), (86, 3, "File"),
    (87, 1, "عمليات"), (87, 2, "Tâches"), (87, 3, "Tasks"),
    (88, 1, "اللغة"), (88, 2, "Langue"), (88, 3, "Language"),
    (89, 1, "العربية"), (89, 2, "Arabe"), (89, 3, "Arabic"),
    (90, 1, "الفرنسية"), (90, 2, "Français"), (90, 3, "French"),
    (91, 1, "الإنجليزية"), (91, 2, "Anglais"), (91, 3, "English"),
    (92, 1, "الرقم الترتيبي"), (92, 2, "Numéro"), (92, 3, "Numero"),
    (93, 1, "كود مسار"), (93, 2, "Code MASSAR"), (93, 3, "MASSAR code"),
    (94, 1, "الاسم الكامل"), (94, 2, "Nom & prénom"), (94, 3, "Full name"),
    (95, 1, "الجنس"), (95, 2, "Sexe"), (95, 3, "Gender"),
    (96, 1, "تاريخ الازدياد"), (96, 2, "Date de naissance"), (96, 3, "Birth date"),
    (97, 1, "مكان الازدياد"), (97, 2, "Lieu de naissance"), (97, 3, "Birth place"),
    (98, 1, "الاسم الشخصي"), (98, 2, "Prénom"), (98, 3, "First name"),
    (99, 1, "الاسم العائلي"), (99, 2, "Nom de famille"), (99, 3, "Last name"),
    (100, 1, "و"), (100, 2, ""), (100, 3, ""),
    (101, 1, "لا شيء"), (101, 2, "Aucune"), (101, 3, "None"),
    (102, 1, "ورقة الغياب"), (102, 2, "Feuille d'absence"), (102, 3, "Absence list"),
    (103, 1, "ورقة تنقيط"), (103, 2, "Feuille de notes"), (103, 3, "Marks sheet"),
    (104, 1, "لائحة"), (104, 2, "Liste"), (104, 3, "List"),
    (105, 1, "سيتم تفعيل تغيير اللغة بعد إعادة التشغيل."), (105, 2, "Le changement de langue s'effectuera au prochain démarrage."), (105, 3, "Language changes will take effect in the next start."),
    (106, 1, "التاريخ"), (106, 2, "Date"), (106, 3, "Date"),
    (107, 1, "تنسيق الأسماء"), (107, 2, "Format des noms"), (107, 3, "Names format"),
    (108, 1, "،"), (108, 2, ","), (108, 3, ","),
    (109, 1, "و"), (109, 2, "et "), (109, 3, "and "),
    (110, 1, "إضافة العنصر المحدد"), (110, 2, "Ajouter l'élément sélectionné"), (110, 3, "Add selected item"),
    (111, 1, "إضافة جميع الأقسام"), (111, 2, "Ajouter toutes les classes"), (111, 3, "Add all classes"),
    (112, 1, "تحريك إلى الأعلى"), (112, 2, "Monter"), (112, 3, "Move up"),
    (113, 1, "تحريك إلى الأسفل"), (113, 2, "Descendre"), (113, 3, "Move down"),
    (114, 1, "حذف العنصر المختار"), (114, 2, "Supprimer la sélection"), (114, 3, "Delete selection"),
    (115, 1, "إفراغ لائحة الأقسام المختارة"), (115, 2, "Vider la liste des classes sélectionnées"), (115, 3, "Clean choosen classes list"),
    (116, 1, "إعدادات القالب"), (116, 2, "Paramètres du template"), (116, 3, "Template's parameters"),
    (117, 1, "مشاهدة القالب"), (117, 2, "Aperçu du template"), (117, 3, "Preview template"),
    (118, 1, "انقر لتحديد القالب"), (118, 2, "Cliquer pour choisir le template"), (118, 3, "Click to select template"),
    (119, 1, "تحديد مكان لحفظ المخرجات"), (119, 2, "Choisir un autre emplacement"), (119, 3, "Choose a folder"),
    (120, 1, "يسار"), (120, 2, "Gauche"), (120, 3, "Left"),
    (121, 1, "يمين"), (121, 2, "Droite"), (121, 3, "Right"),
    (122, 1, "وسط"), (122, 2, "Centrer"), (122, 3, "Center"),
    (123, 1, "تمت عملية إنتاج اللوائح بنجاح. تم حفظ المخرجات في المجلد: %PATH%"), (123, 2, "la génération des listes s'est terminée avec succès. Les listes sont sauvegardées dans le dossier: %PATH%"), (123, 3, "Lists are generated successfully. You can find outputs in this location: %PATH%"),
    (124, 1, "فتــح"), (124, 2, "Ouvrir"), (124, 3, "Open"),
    (125, 1, "مساعدة"), (125, 2, "Aide"), (125, 3, "Help")
;

COMMIT;